,fips,election,cvap
0,1001,2016,40690
1,1003,2016,151770
2,1005,2016,20375
3,1007,2016,17590
4,1009,2016,42430
5,1011,2016,8195
6,1013,2016,15425
7,1015,2016,88525
8,1017,2016,26480
9,1019,2016,20505
10,1021,2016,31555
11,1023,2016,10515
12,1025,2016,19195
13,1027,2016,10360
14,1029,2016,11295
15,1031,2016,37955
16,1033,2016,42235
17,1035,2016,9825
18,1037,2016,8755
19,1039,2016,29295
20,1041,2016,10535
21,1043,2016,61625
22,1045,2016,37405
23,1047,2016,30615
24,1049,2016,49580
25,1051,2016,61485
26,1053,2016,29330
27,1055,2016,78780
28,1057,2016,13155
29,1059,2016,21935
30,1061,2016,20515
31,1063,2016,6595
32,1065,2016,11565
33,1067,2016,13335
34,1069,2016,78085
35,1071,2016,40730
36,1073,2016,491015
37,1075,2016,10960
38,1077,2016,72735
39,1079,2016,25995
40,1081,2016,115345
41,1083,2016,67250
42,1085,2016,8100
43,1087,2016,16035
44,1089,2016,261510
45,1091,2016,15310
46,1093,2016,23725
47,1095,2016,65925
48,1097,2016,308975
49,1099,2016,16820
50,1101,2016,168750
51,1103,2016,88065
52,1105,2016,7625
53,1107,2016,15585
54,1109,2016,25630
55,1111,2016,17375
56,1113,2016,43135
57,1115,2016,65815
58,1117,2016,149210
59,1119,2016,10390
60,1121,2016,62160
61,1123,2016,31945
62,1125,2016,155400
63,1127,2016,50325
64,1129,2016,12865
65,1131,2016,8520
66,1133,2016,18770
67,2013,2016,1965
68,2016,2016,3635
69,2020,2016,213935
70,2050,2016,11320
71,2060,2016,715
72,2068,2016,1650
73,2070,2016,3355
74,2090,2016,73390
75,2100,2016,2000
76,2105,2016,1640
77,2110,2016,24185
78,2122,2016,43770
79,2130,2016,10165
80,2150,2016,9120
81,2158,2016,4720
82,2164,2016,940
83,2170,2016,70360
84,2180,2016,6370
85,2185,2016,6915
86,2188,2016,4950
87,2195,2016,2340
88,2198,2016,4765
89,2220,2016,6600
90,2230,2016,825
91,2240,2016,4740
92,2261,2016,7095
93,2275,2016,1865
94,2282,2016,490
95,2290,2016,3995
96,4001,2016,50380
97,4003,2016,92915
98,4005,2016,104265
99,4007,2016,41290
100,4009,2016,25960
101,4011,2016,6355
102,4012,2016,15245
103,4013,2016,2723565
104,4015,2016,157930
105,4017,2016,76280
106,4019,2016,720405
107,4021,2016,278220
108,4023,2016,27155
109,4025,2016,173100
110,4027,2016,120510
111,5001,2016,14105
112,5003,2016,15710
113,5005,2016,33485
114,5007,2016,162105
115,5009,2016,28885
116,5011,2016,7935
117,5013,2016,4180
118,5015,2016,20185
119,5017,2016,8450
120,5019,2016,17945
121,5021,2016,11940
122,5023,2016,20350
123,5025,2016,6380
124,5027,2016,18515
125,5029,2016,15890
126,5031,2016,74820
127,5033,2016,45050
128,5035,2016,35100
129,5037,2016,13030
130,5039,2016,5865
131,5041,2016,8900
132,5043,2016,14380
133,5045,2016,89725
134,5047,2016,13540
135,5049,2016,9640
136,5051,2016,75220
137,5053,2016,13725
138,5055,2016,32795
139,5057,2016,15120
140,5059,2016,26090
141,5061,2016,9405
142,5063,2016,27650
143,5065,2016,10835
144,5067,2016,13885
145,5069,2016,54905
146,5071,2016,18200
147,5073,2016,5630
148,5075,2016,13080
149,5077,2016,7835
150,5079,2016,11170
151,5081,2016,9740
152,5083,2016,16795
153,5085,2016,51700
154,5087,2016,11800
155,5089,2016,13450
156,5091,2016,32845
157,5093,2016,31765
158,5095,2016,5910
159,5097,2016,7140
160,5099,2016,6670
161,5101,2016,6365
162,5103,2016,18910
163,5105,2016,7980
164,5107,2016,14485
165,5109,2016,8135
166,5111,2016,18205
167,5113,2016,15020
168,5115,2016,46645
169,5117,2016,6605
170,5119,2016,286890
171,5121,2016,13545
172,5123,2016,20330
173,5125,2016,86485
174,5127,2016,7845
175,5129,2016,6330
176,5131,2016,89030
177,5133,2016,10065
178,5135,2016,13360
179,5137,2016,9985
180,5139,2016,30045
181,5141,2016,13355
182,5143,2016,147315
183,5145,2016,58925
184,5147,2016,5335
185,5149,2016,14670
186,6001,2016,1040380
187,6003,2016,895
188,6005,2016,30240
189,6007,2016,170635
190,6009,2016,35475
191,6011,2016,12230
192,6013,2016,730755
193,6015,2016,21065
194,6017,2016,136940
195,6019,2016,566160
196,6021,2016,16830
197,6023,2016,105070
198,6025,2016,99250
199,6027,2016,13695
200,6029,2016,504215
201,6031,2016,91830
202,6033,2016,48020
203,6035,2016,25265
204,6037,2016,6123490
205,6039,2016,88435
206,6041,2016,182750
207,6043,2016,14060
208,6045,2016,61790
209,6047,2016,145565
210,6049,2016,6790
211,6051,2016,9335
212,6053,2016,229575
213,6055,2016,92980
214,6057,2016,78225
215,6059,2016,1987335
216,6061,2016,271235
217,6063,2016,15145
218,6065,2016,1453255
219,6067,2016,999780
220,6069,2016,35765
221,6071,2016,1311445
222,6073,2016,2174370
223,6075,2016,627260
224,6077,2016,433295
225,6079,2016,213215
226,6081,2016,486010
227,6083,2016,278445
228,6085,2016,1142325
229,6087,2016,187645
230,6089,2016,136655
231,6091,2016,2435
232,6093,2016,33780
233,6095,2016,296030
234,6097,2016,350055
235,6099,2016,328050
236,6101,2016,59845
237,6103,2016,45460
238,6105,2016,10470
239,6107,2016,245640
240,6109,2016,43960
241,6111,2016,542060
242,6113,2016,140945
243,6115,2016,48745
244,8001,2016,300160
245,8003,2016,11395
246,8005,2016,420240
247,8007,2016,9775
248,8009,2016,2790
249,8011,2016,4640
250,8013,2016,232475
251,8014,2016,44905
252,8015,2016,15330
253,8017,2016,1350
254,8019,2016,7595
255,8021,2016,5810
256,8023,2016,2765
257,8025,2016,4510
258,8027,2016,3540
259,8029,2016,23180
260,8031,2016,462375
261,8033,2016,1420
262,8035,2016,216345
263,8037,2016,33675
264,8039,2016,18305
265,8041,2016,477295
266,8043,2016,38550
267,8045,2016,36035
268,8047,2016,4495
269,8049,2016,11255
270,8051,2016,12780
271,8053,2016,705
272,8055,2016,5460
273,8057,2016,1020
274,8059,2016,425475
275,8061,2016,1050
276,8063,2016,5750
277,8065,2016,5320
278,8067,2016,42515
279,8069,2016,250545
280,8071,2016,11320
281,8073,2016,4255
282,8075,2016,16875
283,8077,2016,112010
284,8079,2016,730
285,8081,2016,9285
286,8083,2016,19830
287,8085,2016,30045
288,8087,2016,18400
289,8089,2016,13320
290,8091,2016,3950
291,8093,2016,13330
292,8095,2016,3090
293,8097,2016,13275
294,8099,2016,8255
295,8101,2016,120805
296,8103,2016,4955
297,8105,2016,8380
298,8107,2016,18345
299,8109,2016,4325
300,8111,2016,495
301,8113,2016,5910
302,8115,2016,1825
303,8117,2016,22340
304,8119,2016,18825
305,8121,2016,3685
306,8123,2016,189005
307,8125,2016,6750
308,9001,2016,618280
309,9003,2016,644940
310,9005,2016,143400
311,9007,2016,127550
312,9009,2016,631715
313,9011,2016,208340
314,9013,2016,119015
315,9015,2016,89640
316,10001,2016,126715
317,10003,2016,400920
318,10005,2016,162020
319,11001,2016,494090
320,12001,2016,197720
321,12003,2016,20415
322,12005,2016,135795
323,12007,2016,21265
324,12009,2016,438510
325,12011,2016,1227645
326,12013,2016,11160
327,12015,2016,141230
328,12017,2016,117055
329,12019,2016,147295
330,12021,2016,241110
331,12023,2016,52180
332,12027,2016,23515
333,12029,2016,12890
334,12031,2016,658915
335,12033,2016,238370
336,12035,2016,81040
337,12037,2016,9555
338,12039,2016,34355
339,12041,2016,13225
340,12043,2016,9980
341,12045,2016,13170
342,12047,2016,11220
343,12049,2016,17345
344,12051,2016,20830
345,12053,2016,139780
346,12055,2016,75115
347,12057,2016,916010
348,12059,2016,15430
349,12061,2016,113440
350,12063,2016,38500
351,12065,2016,11410
352,12067,2016,6580
353,12069,2016,244875
354,12071,2016,500250
355,12073,2016,221715
356,12075,2016,31025
357,12077,2016,6450
358,12079,2016,14440
359,12081,2016,261755
360,12083,2016,267680
361,12085,2016,119680
362,12086,2016,1551525
363,12087,2016,59255
364,12089,2016,60475
365,12091,2016,147240
366,12093,2016,27265
367,12095,2016,854605
368,12097,2016,207525
369,12099,2016,974505
370,12101,2016,371305
371,12103,2016,737365
372,12105,2016,460215
373,12107,2016,54535
374,12109,2016,165355
375,12111,2016,212665
376,12113,2016,124190
377,12115,2016,317770
378,12117,2016,329435
379,12119,2016,102945
380,12121,2016,32660
381,12123,2016,17955
382,12125,2016,11910
383,12127,2016,403925
384,12129,2016,24455
385,12131,2016,47490
386,12133,2016,19405
387,13001,2016,13180
388,13003,2016,5150
389,13005,2016,7895
390,13007,2016,2565
391,13009,2016,36225
392,13011,2016,13590
393,13013,2016,50790
394,13015,2016,72800
395,13017,2016,12550
396,13019,2016,13985
397,13021,2016,112570
398,13023,2016,9900
399,13025,2016,13650
400,13027,2016,11765
401,13029,2016,23490
402,13031,2016,57220
403,13033,2016,16535
404,13035,2016,18030
405,13037,2016,5035
406,13039,2016,37995
407,13043,2016,7815
408,13045,2016,83470
409,13047,2016,49385
410,13049,2016,9395
411,13051,2016,210415
412,13053,2016,8765
413,13055,2016,18950
414,13057,2016,158990
415,13059,2016,92700
416,13061,2016,2315
417,13063,2016,173345
418,13065,2016,4820
419,13067,2016,487960
420,13069,2016,30690
421,13071,2016,29675
422,13073,2016,99705
423,13075,2016,12215
424,13077,2016,96460
425,13079,2016,9700
426,13081,2016,17040
427,13083,2016,13035
428,13085,2016,17615
429,13087,2016,19875
430,13089,2016,489315
431,13091,2016,16285
432,13093,2016,10955
433,13095,2016,68025
434,13097,2016,95670
435,13099,2016,7760
436,13101,2016,2415
437,13103,2016,39795
438,13105,2016,14780
439,13107,2016,16910
440,13109,2016,7545
441,13111,2016,19625
442,13113,2016,78815
443,13115,2016,68655
444,13117,2016,129230
445,13119,2016,16770
446,13121,2016,699145
447,13123,2016,21470
448,13125,2016,2285
449,13127,2016,60905
450,13129,2016,38090
451,13131,2016,17620
452,13133,2016,12705
453,13135,2016,519180
454,13137,2016,31370
455,13139,2016,117555
456,13141,2016,7230
457,13143,2016,21515
458,13145,2016,25325
459,13147,2016,19680
460,13149,2016,8830
461,13151,2016,150235
462,13153,2016,107010
463,13155,2016,7245
464,13157,2016,44550
465,13159,2016,10025
466,13161,2016,10370
467,13163,2016,11985
468,13165,2016,6830
469,13167,2016,7670
470,13169,2016,21655
471,13171,2016,14175
472,13173,2016,7615
473,13175,2016,35365
474,13177,2016,20810
475,13179,2016,44320
476,13181,2016,6180
477,13183,2016,11505
478,13185,2016,83885
479,13187,2016,24340
480,13189,2016,15710
481,13191,2016,11305
482,13193,2016,10845
483,13195,2016,21180
484,13197,2016,6580
485,13199,2016,16385
486,13201,2016,4540
487,13205,2016,16900
488,13207,2016,21050
489,13209,2016,6715
490,13211,2016,13630
491,13213,2016,27310
492,13215,2016,146005
493,13217,2016,72890
494,13219,2016,24415
495,13221,2016,11195
496,13223,2016,104740
497,13225,2016,20060
498,13227,2016,23350
499,13229,2016,13885
500,13231,2016,13275
501,13233,2016,28485
502,13235,2016,9260
503,13237,2016,16335
504,13239,2016,1680
505,13241,2016,12795
506,13243,2016,5430
507,13245,2016,150325
508,13247,2016,61345
509,13249,2016,3655
510,13251,2016,10850
511,13253,2016,6695
512,13255,2016,47255
513,13257,2016,19490
514,13259,2016,3280
515,13261,2016,22895
516,13263,2016,5160
517,13265,2016,1590
518,13267,2016,19180
519,13269,2016,6525
520,13271,2016,11525
521,13273,2016,6860
522,13275,2016,33310
523,13277,2016,29020
524,13279,2016,18395
525,13281,2016,9380
526,13283,2016,5180
527,13285,2016,49985
528,13287,2016,5870
529,13289,2016,6680
530,13291,2016,18140
531,13293,2016,20030
532,13295,2016,52215
533,13297,2016,63720
534,13299,2016,26515
535,13301,2016,4260
536,13303,2016,15800
537,13305,2016,21970
538,13307,2016,2030
539,13309,2016,6490
540,13311,2016,21865
541,13313,2016,62200
542,13315,2016,7035
543,13317,2016,7580
544,13319,2016,7100
545,13321,2016,15965
546,15001,2016,141755
547,15003,2016,701490
548,15005,2016,90
549,15007,2016,49955
550,15009,2016,113440
551,16001,2016,307090
552,16003,2016,3140
553,16005,2016,59380
554,16007,2016,4310
555,16009,2016,6955
556,16011,2016,29025
557,16013,2016,14655
558,16015,2016,5570
559,16017,2016,32585
560,16019,2016,71840
561,16021,2016,8290
562,16023,2016,2020
563,16025,2016,675
564,16027,2016,132145
565,16029,2016,4730
566,16031,2016,13930
567,16033,2016,425
568,16035,2016,7165
569,16037,2016,3380
570,16039,2016,17940
571,16041,2016,8250
572,16043,2016,8785
573,16045,2016,12505
574,16047,2016,9325
575,16049,2016,12865
576,16051,2016,16900
577,16053,2016,12990
578,16055,2016,111715
579,16057,2016,30090
580,16059,2016,6315
581,16061,2016,2915
582,16063,2016,3130
583,16065,2016,26625
584,16067,2016,12415
585,16069,2016,31185
586,16071,2016,3015
587,16073,2016,7415
588,16075,2016,15790
589,16077,2016,4705
590,16079,2016,9945
591,16081,2016,6685
592,16083,2016,54790
593,16085,2016,8055
594,16087,2016,7240
595,17001,2016,51395
596,17003,2016,5340
597,17005,2016,13460
598,17007,2016,36300
599,17009,2016,5695
600,17011,2016,25550
601,17013,2016,3900
602,17015,2016,11710
603,17017,2016,8930
604,17019,2016,152000
605,17021,2016,26635
606,17023,2016,12330
607,17025,2016,10370
608,17027,2016,29535
609,17029,2016,42505
610,17031,2016,3511325
611,17033,2016,15455
612,17035,2016,8350
613,17037,2016,77625
614,17039,2016,12635
615,17041,2016,14325
616,17043,2016,641445
617,17045,2016,13910
618,17047,2016,5080
619,17049,2016,25945
620,17051,2016,17205
621,17053,2016,10505
622,17055,2016,30570
623,17057,2016,28210
624,17059,2016,4175
625,17061,2016,10470
626,17063,2016,36790
627,17065,2016,6400
628,17067,2016,14675
629,17069,2016,3425
630,17071,2016,5595
631,17073,2016,37600
632,17075,2016,21870
633,17077,2016,46120
634,17079,2016,7350
635,17081,2016,29855
636,17083,2016,17495
637,17085,2016,17600
638,17087,2016,10460
639,17089,2016,328655
640,17091,2016,81290
641,17093,2016,80660
642,17095,2016,40720
643,17097,2016,462020
644,17099,2016,85480
645,17101,2016,13090
646,17103,2016,27215
647,17105,2016,28760
648,17107,2016,23970
649,17109,2016,25625
650,17111,2016,217245
651,17113,2016,128105
652,17115,2016,82940
653,17117,2016,36315
654,17119,2016,204680
655,17121,2016,29430
656,17123,2016,9535
657,17125,2016,10935
658,17127,2016,11585
659,17129,2016,9705
660,17131,2016,12440
661,17133,2016,25835
662,17135,2016,23305
663,17137,2016,27560
664,17139,2016,11165
665,17141,2016,38580
666,17143,2016,136930
667,17145,2016,17255
668,17147,2016,12645
669,17149,2016,12445
670,17151,2016,3510
671,17153,2016,4450
672,17155,2016,4495
673,17157,2016,26390
674,17159,2016,12355
675,17161,2016,107595
676,17163,2016,198690
677,17165,2016,19145
678,17167,2016,150365
679,17169,2016,5805
680,17171,2016,3985
681,17173,2016,17180
682,17175,2016,4595
683,17177,2016,35830
684,17179,2016,103210
685,17181,2016,13550
686,17183,2016,59545
687,17185,2016,8890
688,17187,2016,12915
689,17189,2016,11265
690,17191,2016,12735
691,17193,2016,11175
692,17195,2016,43510
693,17197,2016,467850
694,17199,2016,51985
695,17201,2016,208965
696,17203,2016,29260
697,18001,2016,23755
698,18003,2016,258250
699,18005,2016,55165
700,18007,2016,6385
701,18009,2016,9625
702,18011,2016,44085
703,18013,2016,11960
704,18015,2016,15090
705,18017,2016,26815
706,18019,2016,85735
707,18021,2016,20305
708,18023,2016,22375
709,18025,2016,8190
710,18027,2016,22450
711,18029,2016,37840
712,18031,2016,19650
713,18033,2016,31535
714,18035,2016,92805
715,18037,2016,30870
716,18039,2016,133940
717,18041,2016,18255
718,18043,2016,57585
719,18045,2016,12750
720,18047,2016,17165
721,18049,2016,15130
722,18051,2016,25575
723,18053,2016,53625
724,18055,2016,25200
725,18057,2016,206530
726,18059,2016,53905
727,18061,2016,30255
728,18063,2016,112270
729,18065,2016,38495
730,18067,2016,63005
731,18069,2016,28230
732,18071,2016,31575
733,18073,2016,24820
734,18075,2016,15535
735,18077,2016,25225
736,18079,2016,21120
737,18081,2016,106800
738,18083,2016,29725
739,18085,2016,57210
740,18087,2016,24985
741,18089,2016,355475
742,18091,2016,85065
743,18093,2016,35185
744,18095,2016,99780
745,18097,2016,648455
746,18099,2016,33400
747,18101,2016,7875
748,18103,2016,28020
749,18105,2016,112430
750,18107,2016,28490
751,18109,2016,52810
752,18111,2016,10610
753,18113,2016,33985
754,18115,2016,4760
755,18117,2016,14755
756,18119,2016,16420
757,18121,2016,13330
758,18123,2016,15170
759,18125,2016,9680
760,18127,2016,126020
761,18129,2016,19665
762,18131,2016,9870
763,18133,2016,29955
764,18135,2016,19075
765,18137,2016,21515
766,18139,2016,12910
767,18141,2016,194215
768,18143,2016,18080
769,18145,2016,33385
770,18147,2016,15910
771,18149,2016,17595
772,18151,2016,26490
773,18153,2016,16640
774,18155,2016,7825
775,18157,2016,130720
776,18159,2016,12010
777,18161,2016,5560
778,18163,2016,139750
779,18165,2016,12170
780,18167,2016,83605
781,18169,2016,25015
782,18171,2016,6480
783,18173,2016,45590
784,18175,2016,21160
785,18177,2016,51750
786,18179,2016,20825
787,18181,2016,17855
788,18183,2016,25435
789,19001,2016,5685
790,19003,2016,3010
791,19005,2016,10480
792,19007,2016,9765
793,19009,2016,4600
794,19011,2016,19320
795,19013,2016,101015
796,19015,2016,20365
797,19017,2016,19005
798,19019,2016,15330
799,19021,2016,13020
800,19023,2016,11410
801,19025,2016,7800
802,19027,2016,15510
803,19029,2016,10395
804,19031,2016,14075
805,19033,2016,33875
806,19035,2016,9225
807,19037,2016,9160
808,19039,2016,6635
809,19041,2016,12555
810,19043,2016,13680
811,19045,2016,36530
812,19047,2016,11175
813,19049,2016,52795
814,19051,2016,6190
815,19053,2016,6350
816,19055,2016,13125
817,19057,2016,30600
818,19059,2016,13645
819,19061,2016,73010
820,19063,2016,7495
821,19065,2016,15880
822,19067,2016,12170
823,19069,2016,7765
824,19071,2016,5440
825,19073,2016,6930
826,19075,2016,9435
827,19077,2016,8190
828,19079,2016,11385
829,19081,2016,8390
830,19083,2016,13230
831,19085,2016,11025
832,19087,2016,15210
833,19089,2016,7060
834,19091,2016,7235
835,19093,2016,5360
836,19095,2016,12405
837,19097,2016,15130
838,19099,2016,28435
839,19101,2016,12350
840,19103,2016,104295
841,19105,2016,15845
842,19107,2016,7840
843,19109,2016,11745
844,19111,2016,27360
845,19113,2016,162225
846,19115,2016,7905
847,19117,2016,6560
848,19119,2016,8360
849,19121,2016,11455
850,19123,2016,16875
851,19125,2016,24975
852,19127,2016,26930
853,19129,2016,11270
854,19131,2016,8095
855,19133,2016,7150
856,19135,2016,5980
857,19137,2016,7935
858,19139,2016,30570
859,19141,2016,10545
860,19143,2016,4540
861,19145,2016,12065
862,19147,2016,6930
863,19149,2016,18355
864,19151,2016,5395
865,19153,2016,322865
866,19155,2016,69240
867,19157,2016,14435
868,19159,2016,3820
869,19161,2016,7715
870,19163,2016,126885
871,19165,2016,9080
872,19167,2016,23750
873,19169,2016,72440
874,19171,2016,12845
875,19173,2016,4645
876,19175,2016,9515
877,19177,2016,5635
878,19179,2016,25445
879,19181,2016,35810
880,19183,2016,16380
881,19185,2016,4840
882,19187,2016,28460
883,19189,2016,8165
884,19191,2016,16595
885,19193,2016,70140
886,19195,2016,5920
887,19197,2016,9365
888,20001,2016,9945
889,20003,2016,5875
890,20005,2016,12620
891,20007,2016,3705
892,20009,2016,19495
893,20011,2016,10965
894,20013,2016,7325
895,20015,2016,48460
896,20017,2016,2050
897,20019,2016,2760
898,20021,2016,15645
899,20023,2016,2045
900,20025,2016,1545
901,20027,2016,6220
902,20029,2016,7135
903,20031,2016,6490
904,20033,2016,1400
905,20035,2016,26630
906,20037,2016,29685
907,20039,2016,2315
908,20041,2016,14565
909,20043,2016,6155
910,20045,2016,89390
911,20047,2016,2105
912,20049,2016,2095
913,20051,2016,22270
914,20053,2016,5095
915,20055,2016,20600
916,20057,2016,17330
917,20059,2016,19100
918,20061,2016,24190
919,20063,2016,2045
920,20065,2016,2035
921,20067,2016,4215
922,20069,2016,3925
923,20071,2016,920
924,20073,2016,4915
925,20075,2016,1410
926,20077,2016,4330
927,20079,2016,25185
928,20081,2016,2380
929,20083,2016,1450
930,20085,2016,9925
931,20087,2016,14380
932,20089,2016,2395
933,20091,2016,404190
934,20093,2016,2485
935,20095,2016,5925
936,20097,2016,1885
937,20099,2016,15780
938,20101,2016,1280
939,20103,2016,58520
940,20105,2016,2375
941,20107,2016,7265
942,20109,2016,2120
943,20111,2016,23560
944,20113,2016,22170
945,20115,2016,9505
946,20117,2016,7625
947,20119,2016,2945
948,20121,2016,24220
949,20123,2016,4845
950,20125,2016,25205
951,20127,2016,4460
952,20129,2016,2070
953,20131,2016,7500
954,20133,2016,12100
955,20135,2016,2280
956,20137,2016,4365
957,20139,2016,12065
958,20141,2016,2925
959,20143,2016,4545
960,20145,2016,5405
961,20147,2016,4145
962,20149,2016,15725
963,20151,2016,7135
964,20153,2016,2005
965,20155,2016,47910
966,20157,2016,3785
967,20159,2016,7380
968,20161,2016,57700
969,20163,2016,3970
970,20165,2016,2495
971,20167,2016,5430
972,20169,2016,40605
973,20171,2016,3660
974,20173,2016,351620
975,20175,2016,11295
976,20177,2016,130495
977,20179,2016,1875
978,20181,2016,4560
979,20183,2016,2985
980,20185,2016,3100
981,20187,2016,1330
982,20189,2016,3295
983,20191,2016,17520
984,20193,2016,6025
985,20195,2016,2375
986,20197,2016,5180
987,20199,2016,1130
988,20201,2016,4230
989,20203,2016,1315
990,20205,2016,6775
991,20207,2016,2485
992,20209,2016,97900
993,21001,2016,15095
994,21003,2016,15375
995,21005,2016,16380
996,21007,2016,6385
997,21009,2016,32445
998,21011,2016,8970
999,21013,2016,21640
1000,21015,2016,88505
1001,21017,2016,14690
1002,21019,2016,38205
1003,21021,2016,23245
1004,21023,2016,6310
1005,21025,2016,10550
1006,21027,2016,15295
1007,21029,2016,59470
1008,21031,2016,9780
1009,21033,2016,9845
1010,21035,2016,29890
1011,21037,2016,70470
1012,21039,2016,3845
1013,21041,2016,7770
1014,21043,2016,21005
1015,21045,2016,12185
1016,21047,2016,52335
1017,21049,2016,27265
1018,21051,2016,16520
1019,21053,2016,7655
1020,21055,2016,7045
1021,21057,2016,5265
1022,21059,2016,73125
1023,21061,2016,9665
1024,21063,2016,6235
1025,21065,2016,11235
1026,21067,2016,227870
1027,21069,2016,10965
1028,21071,2016,29705
1029,21073,2016,38480
1030,21075,2016,4965
1031,21077,2016,6150
1032,21079,2016,13100
1033,21081,2016,17645
1034,21083,2016,27495
1035,21085,2016,19705
1036,21087,2016,8640
1037,21089,2016,28210
1038,21091,2016,6515
1039,21093,2016,78885
1040,21095,2016,21620
1041,21097,2016,14110
1042,21099,2016,13890
1043,21101,2016,35230
1044,21103,2016,11765
1045,21105,2016,3765
1046,21107,2016,35410
1047,21109,2016,10320
1048,21111,2016,561375
1049,21113,2016,37200
1050,21115,2016,17935
1051,21117,2016,121240
1052,21119,2016,12530
1053,21121,2016,24035
1054,21123,2016,10800
1055,21125,2016,45510
1056,21127,2016,12065
1057,21129,2016,5470
1058,21131,2016,8470
1059,21133,2016,18230
1060,21135,2016,10600
1061,21137,2016,18570
1062,21139,2016,7445
1063,21141,2016,20235
1064,21143,2016,7015
1065,21145,2016,50385
1066,21147,2016,13800
1067,21149,2016,7195
1068,21151,2016,67775
1069,21153,2016,9840
1070,21155,2016,14560
1071,21157,2016,24670
1072,21159,2016,9845
1073,21161,2016,13045
1074,21163,2016,21435
1075,21165,2016,4935
1076,21167,2016,16375
1077,21169,2016,7690
1078,21171,2016,8100
1079,21173,2016,20580
1080,21175,2016,10770
1081,21177,2016,24580
1082,21179,2016,33350
1083,21181,2016,5410
1084,21183,2016,18175
1085,21185,2016,46525
1086,21187,2016,8095
1087,21189,2016,3565
1088,21191,2016,11215
1089,21193,2016,21635
1090,21195,2016,49355
1091,21197,2016,9295
1092,21199,2016,48845
1093,21201,2016,1800
1094,21203,2016,13140
1095,21205,2016,19215
1096,21207,2016,13520
1097,21209,2016,37105
1098,21211,2016,31920
1099,21213,2016,13300
1100,21215,2016,13520
1101,21217,2016,19420
1102,21219,2016,8980
1103,21221,2016,11055
1104,21223,2016,6660
1105,21225,2016,11920
1106,21227,2016,87950
1107,21229,2016,9055
1108,21231,2016,15940
1109,21233,2016,10050
1110,21235,2016,27010
1111,21237,2016,5510
1112,21239,2016,18805
1113,22001,2016,45035
1114,22003,2016,19415
1115,22005,2016,82795
1116,22007,2016,17495
1117,22009,2016,31255
1118,22011,2016,26815
1119,22013,2016,10725
1120,22015,2016,90350
1121,22017,2016,188495
1122,22019,2016,145510
1123,22021,2016,7600
1124,22023,2016,5115
1125,22025,2016,7865
1126,22027,2016,13280
1127,22029,2016,15315
1128,22031,2016,20410
1129,22033,2016,331860
1130,22035,2016,5600
1131,22037,2016,15885
1132,22039,2016,24150
1133,22041,2016,15200
1134,22043,2016,16840
1135,22045,2016,52525
1136,22047,2016,25880
1137,22049,2016,12310
1138,22051,2016,311920
1139,22053,2016,23300
1140,22055,2016,172930
1141,22057,2016,72545
1142,22059,2016,11185
1143,22061,2016,36510
1144,22063,2016,98815
1145,22065,2016,8900
1146,22067,2016,20040
1147,22069,2016,29635
1148,22071,2016,292175
1149,22073,2016,115005
1150,22075,2016,16600
1151,22077,2016,16995
1152,22079,2016,97015
1153,22081,2016,6560
1154,22083,2016,15500
1155,22085,2016,18110
1156,22087,2016,31150
1157,22089,2016,38340
1158,22091,2016,8250
1159,22093,2016,16405
1160,22095,2016,31995
1161,22097,2016,60635
1162,22099,2016,39400
1163,22101,2016,38540
1164,22103,2016,181895
1165,22105,2016,94055
1166,22107,2016,3580
1167,22109,2016,81700
1168,22111,2016,17040
1169,22113,2016,43005
1170,22115,2016,37595
1171,22117,2016,34630
1172,22119,2016,30940
1173,22121,2016,18610
1174,22123,2016,8605
1175,22125,2016,12720
1176,22127,2016,11470
1177,23001,2016,82620
1178,23003,2016,55290
1179,23005,2016,224910
1180,23007,2016,24505
1181,23009,2016,43905
1182,23011,2016,95610
1183,23013,2016,31875
1184,23015,2016,27785
1185,23017,2016,45355
1186,23019,2016,122345
1187,23021,2016,13915
1188,23023,2016,28130
1189,23025,2016,40715
1190,23027,2016,30880
1191,23029,2016,25325
1192,23031,2016,158700
1193,24001,2016,59250
1194,24003,2016,412595
1195,24005,2016,605360
1196,24009,2016,67845
1197,24011,2016,23885
1198,24013,2016,127560
1199,24015,2016,76625
1200,24017,2016,112200
1201,24019,2016,24835
1202,24021,2016,174250
1203,24023,2016,23695
1204,24025,2016,187910
1205,24027,2016,209140
1206,24029,2016,15870
1207,24031,2016,641530
1208,24033,2016,589560
1209,24035,2016,37195
1210,24037,2016,81420
1211,24039,2016,20815
1212,24041,2016,29500
1213,24043,2016,113140
1214,24045,2016,74620
1215,24047,2016,41255
1216,24510,2016,462195
1217,25001,2016,174550
1218,25003,2016,102495
1219,25005,2016,414315
1220,25007,2016,13225
1221,25009,2016,549350
1222,25011,2016,56275
1223,25013,2016,347410
1224,25015,2016,129490
1225,25017,2016,1098180
1226,25019,2016,7540
1227,25021,2016,499140
1228,25023,2016,376920
1229,25025,2016,524280
1230,25027,2016,594150
1231,26001,2016,9015
1232,26003,2016,7890
1233,26005,2016,83945
1234,26007,2016,23150
1235,26009,2016,18595
1236,26011,2016,12465
1237,26013,2016,7075
1238,26015,2016,45215
1239,26017,2016,83290
1240,26019,2016,14000
1241,26021,2016,114865
1242,26023,2016,32645
1243,26025,2016,100570
1244,26027,2016,40305
1245,26029,2016,20660
1246,26031,2016,20895
1247,26033,2016,30460
1248,26035,2016,24345
1249,26037,2016,58215
1250,26039,2016,11155
1251,26041,2016,28980
1252,26043,2016,20605
1253,26045,2016,83065
1254,26047,2016,25975
1255,26049,2016,312465
1256,26051,2016,20355
1257,26053,2016,13120
1258,26055,2016,70710
1259,26057,2016,32945
1260,26059,2016,35535
1261,26061,2016,27895
1262,26063,2016,25510
1263,26065,2016,212595
1264,26067,2016,48775
1265,26069,2016,20865
1266,26071,2016,9450
1267,26073,2016,56815
1268,26075,2016,122730
1269,26077,2016,195745
1270,26079,2016,13400
1271,26081,2016,444250
1272,26083,2016,1820
1273,26085,2016,9390
1274,26087,2016,67835
1275,26089,2016,17740
1276,26091,2016,76205
1277,26093,2016,141020
1278,26095,2016,5295
1279,26097,2016,9020
1280,26099,2016,640110
1281,26101,2016,19895
1282,26103,2016,54730
1283,26105,2016,22460
1284,26107,2016,34540
1285,26109,2016,18900
1286,26111,2016,63450
1287,26113,2016,11415
1288,26115,2016,114890
1289,26117,2016,48105
1290,26119,2016,7870
1291,26121,2016,129975
1292,26123,2016,36300
1293,26125,2016,902330
1294,26127,2016,18930
1295,26129,2016,17010
1296,26131,2016,5330
1297,26133,2016,17635
1298,26135,2016,6730
1299,26137,2016,18765
1300,26139,2016,200735
1301,26141,2016,10765
1302,26143,2016,20110
1303,26145,2016,149845
1304,26147,2016,123235
1305,26149,2016,44270
1306,26151,2016,32240
1307,26153,2016,6640
1308,26155,2016,53265
1309,26157,2016,42130
1310,26159,2016,55015
1311,26161,2016,265870
1312,26163,2016,1281275
1313,26165,2016,25005
1314,27001,2016,12960
1315,27003,2016,248515
1316,27005,2016,24855
1317,27007,2016,33765
1318,27009,2016,29185
1319,27011,2016,4025
1320,27013,2016,51120
1321,27015,2016,19590
1322,27017,2016,27250
1323,27019,2016,67910
1324,27021,2016,22415
1325,27023,2016,8995
1326,27025,2016,40990
1327,27027,2016,45940
1328,27029,2016,6555
1329,27031,2016,4225
1330,27033,2016,8510
1331,27035,2016,48915
1332,27037,2016,293485
1333,27039,2016,14530
1334,27041,2016,28940
1335,27043,2016,10870
1336,27045,2016,15710
1337,27047,2016,23290
1338,27049,2016,35025
1339,27051,2016,4620
1340,27053,2016,865350
1341,27055,2016,14700
1342,27057,2016,16065
1343,27059,2016,28825
1344,27061,2016,35560
1345,27063,2016,7725
1346,27065,2016,12345
1347,27067,2016,30770
1348,27069,2016,3445
1349,27071,2016,10115
1350,27073,2016,5480
1351,27075,2016,8645
1352,27077,2016,3145
1353,27079,2016,20435
1354,27081,2016,4480
1355,27083,2016,18535
1356,27085,2016,26615
1357,27087,2016,3780
1358,27089,2016,7150
1359,27091,2016,15480
1360,27093,2016,17115
1361,27095,2016,19425
1362,27097,2016,24950
1363,27099,2016,27710
1364,27101,2016,6525
1365,27103,2016,25140
1366,27105,2016,12955
1367,27107,2016,5060
1368,27109,2016,106225
1369,27111,2016,44590
1370,27113,2016,10790
1371,27115,2016,22825
1372,27117,2016,6780
1373,27119,2016,23560
1374,27121,2016,8605
1375,27123,2016,374420
1376,27125,2016,3020
1377,27127,2016,11590
1378,27129,2016,11385
1379,27131,2016,47660
1380,27133,2016,7045
1381,27135,2016,11495
1382,27137,2016,160075
1383,27139,2016,95240
1384,27141,2016,65000
1385,27143,2016,10900
1386,27145,2016,114350
1387,27147,2016,26755
1388,27149,2016,7430
1389,27151,2016,7295
1390,27153,2016,17900
1391,27155,2016,2680
1392,27157,2016,16385
1393,27159,2016,10365
1394,27161,2016,14245
1395,27163,2016,180335
1396,27165,2016,7450
1397,27167,2016,4975
1398,27169,2016,40785
1399,27171,2016,90975
1400,27173,2016,7635
1401,28001,2016,22795
1402,28003,2016,27890
1403,28005,2016,9945
1404,28007,2016,14140
1405,28009,2016,6400
1406,28011,2016,24930
1407,28013,2016,10850
1408,28015,2016,8200
1409,28017,2016,12665
1410,28019,2016,6395
1411,28021,2016,7150
1412,28023,2016,12385
1413,28025,2016,15150
1414,28027,2016,17845
1415,28029,2016,21615
1416,28031,2016,14600
1417,28033,2016,122190
1418,28035,2016,57035
1419,28037,2016,5890
1420,28039,2016,17045
1421,28041,2016,11030
1422,28043,2016,16370
1423,28045,2016,35305
1424,28047,2016,145875
1425,28049,2016,180735
1426,28051,2016,13505
1427,28053,2016,6345
1428,28055,2016,1145
1429,28057,2016,18155
1430,28059,2016,104100
1431,28061,2016,12685
1432,28063,2016,5760
1433,28065,2016,9290
1434,28067,2016,49490
1435,28069,2016,8005
1436,28071,2016,41790
1437,28073,2016,43520
1438,28075,2016,59510
1439,28077,2016,9510
1440,28079,2016,16125
1441,28081,2016,62215
1442,28083,2016,21690
1443,28085,2016,26080
1444,28087,2016,44810
1445,28089,2016,73690
1446,28091,2016,19490
1447,28093,2016,27865
1448,28095,2016,27520
1449,28097,2016,7935
1450,28099,2016,20905
1451,28101,2016,16045
1452,28103,2016,8055
1453,28105,2016,39210
1454,28107,2016,25200
1455,28109,2016,41865
1456,28111,2016,9295
1457,28113,2016,29075
1458,28115,2016,21960
1459,28117,2016,19440
1460,28119,2016,5675
1461,28121,2016,110035
1462,28123,2016,19105
1463,28125,2016,3470
1464,28127,2016,20255
1465,28129,2016,12220
1466,28131,2016,13775
1467,28133,2016,20925
1468,28135,2016,11050
1469,28137,2016,21115
1470,28139,2016,16045
1471,28141,2016,14895
1472,28143,2016,7145
1473,28145,2016,20350
1474,28147,2016,11125
1475,28149,2016,35480
1476,28151,2016,35560
1477,28153,2016,15285
1478,28155,2016,7515
1479,28157,2016,7205
1480,28159,2016,14060
1481,28161,2016,9485
1482,28163,2016,20275
1483,29001,2016,20460
1484,29003,2016,13315
1485,29005,2016,4320
1486,29007,2016,19705
1487,29009,2016,26235
1488,29011,2016,8960
1489,29013,2016,12465
1490,29015,2016,15435
1491,29017,2016,9550
1492,29019,2016,130975
1493,29021,2016,66635
1494,29023,2016,32470
1495,29025,2016,6790
1496,29027,2016,34660
1497,29029,2016,35400
1498,29031,2016,60010
1499,29033,2016,6905
1500,29035,2016,4735
1501,29037,2016,74800
1502,29039,2016,10560
1503,29041,2016,5880
1504,29043,2016,59905
1505,29045,2016,5250
1506,29047,2016,170735
1507,29049,2016,15425
1508,29051,2016,58080
1509,29053,2016,13645
1510,29055,2016,18620
1511,29057,2016,5965
1512,29059,2016,12585
1513,29061,2016,6080
1514,29063,2016,10485
1515,29065,2016,11925
1516,29067,2016,10515
1517,29069,2016,22565
1518,29071,2016,77380
1519,29073,2016,11655
1520,29075,2016,5065
1521,29077,2016,221025
1522,29079,2016,7695
1523,29081,2016,6390
1524,29083,2016,16795
1525,29085,2016,7630
1526,29087,2016,3620
1527,29089,2016,7860
1528,29091,2016,30080
1529,29093,2016,8040
1530,29095,2016,499380
1531,29097,2016,84420
1532,29099,2016,167570
1533,29101,2016,41470
1534,29103,2016,3010
1535,29105,2016,26835
1536,29107,2016,24890
1537,29109,2016,27830
1538,29111,2016,7740
1539,29113,2016,39565
1540,29115,2016,9380
1541,29117,2016,11765
1542,29119,2016,15430
1543,29121,2016,11675
1544,29123,2016,9460
1545,29125,2016,7065
1546,29127,2016,21895
1547,29129,2016,2755
1548,29131,2016,19045
1549,29133,2016,10905
1550,29135,2016,11510
1551,29137,2016,6685
1552,29139,2016,9055
1553,29141,2016,15620
1554,29143,2016,13885
1555,29145,2016,43075
1556,29147,2016,18810
1557,29149,2016,8445
1558,29151,2016,10480
1559,29153,2016,7620
1560,29155,2016,12815
1561,29157,2016,14415
1562,29159,2016,29870
1563,29161,2016,33875
1564,29163,2016,14340
1565,29165,2016,69920
1566,29167,2016,23685
1567,29169,2016,40035
1568,29171,2016,3790
1569,29173,2016,7970
1570,29175,2016,19350
1571,29177,2016,17500
1572,29179,2016,5145
1573,29181,2016,10655
1574,29183,2016,279865
1575,29185,2016,7590
1576,29186,2016,13685
1577,29187,2016,51760
1578,29189,2016,746445
1579,29195,2016,17145
1580,29197,2016,3245
1581,29199,2016,3505
1582,29201,2016,29475
1583,29203,2016,6405
1584,29205,2016,4690
1585,29207,2016,23110
1586,29209,2016,25570
1587,29211,2016,4625
1588,29213,2016,41110
1589,29215,2016,19580
1590,29217,2016,15580
1591,29219,2016,24925
1592,29221,2016,19170
1593,29223,2016,10510
1594,29225,2016,26860
1595,29227,2016,1645
1596,29229,2016,13760
1597,29510,2016,241700
1598,30001,2016,7410
1599,30003,2016,8655
1600,30005,2016,4595
1601,30007,2016,4510
1602,30009,2016,8385
1603,30011,2016,1035
1604,30013,2016,63040
1605,30015,2016,4370
1606,30017,2016,9300
1607,30019,2016,1430
1608,30021,2016,7255
1609,30023,2016,7720
1610,30025,2016,2160
1611,30027,2016,8960
1612,30029,2016,72845
1613,30031,2016,76135
1614,30033,2016,840
1615,30035,2016,9220
1616,30037,2016,595
1617,30039,2016,2590
1618,30041,2016,11990
1619,30043,2016,9075
1620,30045,2016,1655
1621,30047,2016,21840
1622,30049,2016,51235
1623,30051,2016,1855
1624,30053,2016,15640
1625,30055,2016,1325
1626,30057,2016,6400
1627,30059,2016,1530
1628,30061,2016,3450
1629,30063,2016,89740
1630,30065,2016,3690
1631,30067,2016,12695
1632,30069,2016,370
1633,30071,2016,3220
1634,30073,2016,4605
1635,30075,2016,1365
1636,30077,2016,5895
1637,30079,2016,1055
1638,30081,2016,32655
1639,30083,2016,8455
1640,30085,2016,7565
1641,30087,2016,6550
1642,30089,2016,9225
1643,30091,2016,2820
1644,30093,2016,27195
1645,30095,2016,7270
1646,30097,2016,2760
1647,30099,2016,4615
1648,30101,2016,4085
1649,30103,2016,680
1650,30105,2016,5810
1651,30107,2016,1590
1652,30109,2016,880
1653,30111,2016,117655
1654,31001,2016,23085
1655,31003,2016,4855
1656,31005,2016,300
1657,31007,2016,605
1658,31009,2016,435
1659,31011,2016,4090
1660,31013,2016,8240
1661,31015,2016,1525
1662,31017,2016,2395
1663,31019,2016,35745
1664,31021,2016,5070
1665,31023,2016,6180
1666,31025,2016,19100
1667,31027,2016,6510
1668,31029,2016,2755
1669,31031,2016,4475
1670,31033,2016,7545
1671,31035,2016,4595
1672,31037,2016,5515
1673,31039,2016,6560
1674,31041,2016,8125
1675,31043,2016,12265
1676,31045,2016,7175
1677,31047,2016,15220
1678,31049,2016,1535
1679,31051,2016,4180
1680,31053,2016,26500
1681,31055,2016,372220
1682,31057,2016,1410
1683,31059,2016,4490
1684,31061,2016,2470
1685,31063,2016,2050
1686,31065,2016,3715
1687,31067,2016,16890
1688,31069,2016,1495
1689,31071,2016,1565
1690,31073,2016,1550
1691,31075,2016,520
1692,31077,2016,1850
1693,31079,2016,38845
1694,31081,2016,6870
1695,31083,2016,2670
1696,31085,2016,795
1697,31087,2016,2235
1698,31089,2016,7800
1699,31091,2016,570
1700,31093,2016,4815
1701,31095,2016,5725
1702,31097,2016,4035
1703,31099,2016,4855
1704,31101,2016,6360
1705,31103,2016,590
1706,31105,2016,2830
1707,31107,2016,6445
1708,31109,2016,220835
1709,31111,2016,26725
1710,31113,2016,610
1711,31115,2016,435
1712,31117,2016,330
1713,31119,2016,24885
1714,31121,2016,5890
1715,31123,2016,3525
1716,31125,2016,2770
1717,31127,2016,5590
1718,31129,2016,3435
1719,31131,2016,11705
1720,31133,2016,2120
1721,31135,2016,2205
1722,31137,2016,6800
1723,31139,2016,5385
1724,31141,2016,22205
1725,31143,2016,3925
1726,31145,2016,8225
1727,31147,2016,6435
1728,31149,2016,1175
1729,31151,2016,9735
1730,31153,2016,119735
1731,31155,2016,15570
1732,31157,2016,26610
1733,31159,2016,12965
1734,31161,2016,4030
1735,31163,2016,2415
1736,31165,2016,1005
1737,31167,2016,4410
1738,31169,2016,4060
1739,31171,2016,515
1740,31173,2016,4415
1741,31175,2016,3275
1742,31177,2016,15300
1743,31179,2016,7455
1744,31181,2016,2835
1745,31183,2016,660
1746,31185,2016,10570
1747,32001,2016,17665
1748,32003,2016,1351615
1749,32005,2016,37135
1750,32007,2016,34740
1751,32009,2016,800
1752,32011,2016,1380
1753,32013,2016,11430
1754,32015,2016,3925
1755,32017,2016,4020
1756,32019,2016,37965
1757,32021,2016,3560
1758,32023,2016,34035
1759,32027,2016,5080
1760,32029,2016,3365
1761,32031,2016,308310
1762,32033,2016,7545
1763,32510,2016,39720
1764,33001,2016,48220
1765,33003,2016,38800
1766,33005,2016,61235
1767,33007,2016,26525
1768,33009,2016,71500
1769,33011,2016,300825
1770,33013,2016,115215
1771,33015,2016,233065
1772,33017,2016,97920
1773,33019,2016,34330
1774,34001,2016,194910
1775,34003,2016,628715
1776,34005,2016,338585
1777,34007,2016,369325
1778,34009,2016,76080
1779,34011,2016,108300
1780,34013,2016,513655
1781,34015,2016,218635
1782,34017,2016,390805
1783,34019,2016,94870
1784,34021,2016,250440
1785,34023,2016,534210
1786,34025,2016,454795
1787,34027,2016,352315
1788,34029,2016,428955
1789,34031,2016,325420
1790,34033,2016,48345
1791,34035,2016,224070
1792,34037,2016,110500
1793,34039,2016,344250
1794,34041,2016,80095
1795,35001,2016,479670
1796,35003,2016,2990
1797,35005,2016,43120
1798,35006,2016,19435
1799,35007,2016,10070
1800,35009,2016,34235
1801,35011,2016,1590
1802,35013,2016,137950
1803,35015,2016,39745
1804,35017,2016,22390
1805,35019,2016,3520
1806,35021,2016,470
1807,35023,2016,3270
1808,35025,2016,40750
1809,35027,2016,15345
1810,35028,2016,13075
1811,35029,2016,15225
1812,35031,2016,51040
1813,35033,2016,3680
1814,35035,2016,44810
1815,35037,2016,6575
1816,35039,2016,28900
1817,35041,2016,13350
1818,35043,2016,101330
1819,35045,2016,86585
1820,35047,2016,21945
1821,35049,2016,107355
1822,35051,2016,9425
1823,35053,2016,12255
1824,35055,2016,25585
1825,35057,2016,11585
1826,35059,2016,3275
1827,35061,2016,53700
1828,36001,2016,237990
1829,36003,2016,37360
1830,36005,2016,830545
1831,36007,2016,153425
1832,36009,2016,60000
1833,36011,2016,61875
1834,36013,2016,102880
1835,36015,2016,67625
1836,36017,2016,38380
1837,36019,2016,64910
1838,36021,2016,48655
1839,36023,2016,38815
1840,36025,2016,37290
1841,36027,2016,223170
1842,36029,2016,705180
1843,36031,2016,31275
1844,36033,2016,40155
1845,36035,2016,42660
1846,36037,2016,46350
1847,36039,2016,38640
1848,36041,2016,3895
1849,36043,2016,49625
1850,36045,2016,87030
1851,36047,2016,1621215
1852,36049,2016,20505
1853,36051,2016,51695
1854,36053,2016,56735
1855,36055,2016,563895
1856,36057,2016,37765
1857,36059,2016,952270
1858,36061,2016,1165065
1859,36063,2016,166670
1860,36065,2016,176295
1861,36067,2016,350870
1862,36069,2016,84865
1863,36071,2016,262350
1864,36073,2016,32630
1865,36075,2016,93420
1866,36077,2016,49960
1867,36079,2016,73605
1868,36081,2016,1383305
1869,36083,2016,124290
1870,36085,2016,334695
1871,36087,2016,205960
1872,36089,2016,86265
1873,36091,2016,172340
1874,36093,2016,115875
1875,36095,2016,25425
1876,36097,2016,14530
1877,36099,2016,27670
1878,36101,2016,75210
1879,36103,2016,1058860
1880,36105,2016,56215
1881,36107,2016,38525
1882,36109,2016,79910
1883,36111,2016,141090
1884,36113,2016,51680
1885,36115,2016,49640
1886,36117,2016,70855
1887,36119,2016,634370
1888,36121,2016,32645
1889,36123,2016,18960
1890,37001,2016,112290
1891,37003,2016,28575
1892,37005,2016,8420
1893,37007,2016,19945
1894,37009,2016,21165
1895,37011,2016,14280
1896,37013,2016,36275
1897,37015,2016,16345
1898,37017,2016,25675
1899,37019,2016,96130
1900,37021,2016,194115
1901,37023,2016,68740
1902,37025,2016,132890
1903,37027,2016,62720
1904,37029,2016,7660
1905,37031,2016,54475
1906,37033,2016,18325
1907,37035,2016,113835
1908,37037,2016,51175
1909,37039,2016,22130
1910,37041,2016,11310
1911,37043,2016,8605
1912,37045,2016,73940
1913,37047,2016,43310
1914,37049,2016,78255
1915,37051,2016,233905
1916,37053,2016,19035
1917,37055,2016,27070
1918,37057,2016,122030
1919,37059,2016,31415
1920,37061,2016,38785
1921,37063,2016,203970
1922,37065,2016,40885
1923,37067,2016,259195
1924,37069,2016,46535
1925,37071,2016,156870
1926,37073,2016,9015
1927,37075,2016,6720
1928,37077,2016,44390
1929,37079,2016,15310
1930,37081,2016,366000
1931,37083,2016,40930
1932,37085,2016,87970
1933,37087,2016,47900
1934,37089,2016,84020
1935,37091,2016,18885
1936,37093,2016,35035
1937,37095,2016,4440
1938,37097,2016,120810
1939,37099,2016,33115
1940,37101,2016,124505
1941,37103,2016,7915
1942,37105,2016,40065
1943,37107,2016,42920
1944,37109,2016,59730
1945,37111,2016,34400
1946,37113,2016,26530
1947,37115,2016,16950
1948,37117,2016,18395
1949,37119,2016,677755
1950,37121,2016,12125
1951,37123,2016,19445
1952,37125,2016,70950
1953,37127,2016,70455
1954,37129,2016,168125
1955,37131,2016,16510
1956,37133,2016,135385
1957,37135,2016,101395
1958,37137,2016,10560
1959,37139,2016,30265
1960,37141,2016,42235
1961,37143,2016,10580
1962,37145,2016,29900
1963,37147,2016,131200
1964,37149,2016,16470
1965,37151,2016,102455
1966,37153,2016,33800
1967,37155,2016,94865
1968,37157,2016,70545
1969,37159,2016,103330
1970,37161,2016,51550
1971,37163,2016,43240
1972,37165,2016,26845
1973,37167,2016,46100
1974,37169,2016,36515
1975,37171,2016,54075
1976,37173,2016,10805
1977,37175,2016,26835
1978,37177,2016,3235
1979,37179,2016,145365
1980,37181,2016,32450
1981,37183,2016,680815
1982,37185,2016,16125
1983,37187,2016,9595
1984,37189,2016,44985
1985,37191,2016,87875
1986,37193,2016,52070
1987,37195,2016,58685
1988,37197,2016,28235
1989,37199,2016,13820
1990,38001,2016,1840
1991,38003,2016,8705
1992,38005,2016,4465
1993,38007,2016,760
1994,38009,2016,5240
1995,38011,2016,2435
1996,38013,2016,1660
1997,38015,2016,69010
1998,38017,2016,124500
1999,38019,2016,3070
2000,38021,2016,3955
2001,38023,2016,1865
2002,38025,2016,3250
2003,38027,2016,1810
2004,38029,2016,2650
2005,38031,2016,2585
2006,38033,2016,1400
2007,38035,2016,53945
2008,38037,2016,1920
2009,38039,2016,1875
2010,38041,2016,2070
2011,38043,2016,1965
2012,38045,2016,3235
2013,38047,2016,1550
2014,38049,2016,4485
2015,38051,2016,2185
2016,38053,2016,7545
2017,38055,2016,7500
2018,38057,2016,6730
2019,38059,2016,22945
2020,38061,2016,7020
2021,38063,2016,2470
2022,38065,2016,1380
2023,38067,2016,5545
2024,38069,2016,3510
2025,38071,2016,8875
2026,38073,2016,4165
2027,38075,2016,1905
2028,38077,2016,12740
2029,38079,2016,9640
2030,38081,2016,3030
2031,38083,2016,1155
2032,38085,2016,2755
2033,38087,2016,525
2034,38089,2016,21860
2035,38091,2016,1560
2036,38093,2016,16530
2037,38095,2016,1670
2038,38097,2016,6185
2039,38099,2016,8280
2040,38101,2016,51310
2041,38103,2016,3370
2042,38105,2016,23055
2043,39001,2016,21130
2044,39003,2016,79615
2045,39005,2016,40545
2046,39007,2016,76135
2047,39009,2016,53105
2048,39011,2016,34550
2049,39013,2016,55740
2050,39015,2016,33655
2051,39017,2016,273325
2052,39019,2016,22000
2053,39021,2016,29880
2054,39023,2016,103825
2055,39025,2016,150845
2056,39027,2016,31610
2057,39029,2016,82555
2058,39031,2016,27935
2059,39033,2016,32925
2060,39035,2016,956050
2061,39037,2016,39250
2062,39039,2016,29185
2063,39041,2016,132695
2064,39043,2016,59315
2065,39045,2016,112020
2066,39047,2016,21670
2067,39049,2016,878445
2068,39051,2016,31705
2069,39053,2016,23110
2070,39055,2016,70750
2071,39057,2016,126480
2072,39059,2016,30305
2073,39061,2016,598485
2074,39063,2016,57090
2075,39065,2016,24015
2076,39067,2016,12215
2077,39069,2016,21075
2078,39071,2016,32500
2079,39073,2016,21895
2080,39075,2016,29200
2081,39077,2016,43050
2082,39079,2016,24635
2083,39081,2016,54100
2084,39083,2016,46385
2085,39085,2016,176470
2086,39087,2016,47430
2087,39089,2016,128150
2088,39091,2016,34240
2089,39093,2016,231560
2090,39095,2016,327360
2091,39097,2016,34015
2092,39099,2016,182145
2093,39101,2016,51325
2094,39103,2016,133090
2095,39105,2016,18185
2096,39107,2016,30235
2097,39109,2016,79045
2098,39111,2016,11415
2099,39113,2016,403550
2100,39115,2016,11545
2101,39117,2016,26340
2102,39119,2016,65460
2103,39121,2016,11695
2104,39123,2016,32915
2105,39125,2016,14305
2106,39127,2016,27145
2107,39129,2016,44005
2108,39131,2016,21415
2109,39133,2016,126540
2110,39135,2016,31685
2111,39137,2016,25255
2112,39139,2016,94625
2113,39141,2016,60080
2114,39143,2016,45635
2115,39145,2016,59880
2116,39147,2016,42660
2117,39149,2016,35755
2118,39151,2016,289275
2119,39153,2016,412230
2120,39155,2016,161015
2121,39157,2016,70485
2122,39159,2016,39510
2123,39161,2016,21605
2124,39163,2016,10095
2125,39165,2016,159065
2126,39167,2016,48555
2127,39169,2016,86045
2128,39171,2016,28530
2129,39173,2016,100655
2130,39175,2016,16920
2131,40001,2016,15910
2132,40003,2016,4545
2133,40005,2016,10580
2134,40007,2016,3765
2135,40009,2016,16950
2136,40011,2016,7230
2137,40013,2016,33550
2138,40015,2016,21210
2139,40017,2016,92615
2140,40019,2016,35425
2141,40021,2016,36140
2142,40023,2016,11330
2143,40025,2016,1590
2144,40027,2016,202925
2145,40029,2016,4325
2146,40031,2016,91505
2147,40033,2016,4635
2148,40035,2016,11285
2149,40037,2016,53125
2150,40039,2016,20590
2151,40041,2016,32240
2152,40043,2016,3540
2153,40045,2016,3085
2154,40047,2016,44030
2155,40049,2016,20145
2156,40051,2016,40250
2157,40053,2016,3435
2158,40055,2016,4890
2159,40057,2016,2040
2160,40059,2016,2425
2161,40061,2016,9560
2162,40063,2016,10745
2163,40065,2016,18240
2164,40067,2016,4715
2165,40069,2016,8375
2166,40071,2016,33420
2167,40073,2016,10450
2168,40075,2016,6970
2169,40077,2016,8195
2170,40079,2016,36610
2171,40081,2016,25970
2172,40083,2016,33945
2173,40085,2016,6980
2174,40087,2016,27065
2175,40089,2016,24170
2176,40091,2016,15970
2177,40093,2016,5590
2178,40095,2016,11480
2179,40097,2016,30630
2180,40099,2016,10410
2181,40101,2016,51575
2182,40103,2016,8660
2183,40105,2016,8005
2184,40107,2016,9270
2185,40109,2016,517475
2186,40111,2016,29580
2187,40113,2016,36640
2188,40115,2016,23690
2189,40117,2016,12400
2190,40119,2016,60405
2191,40121,2016,34185
2192,40123,2016,28560
2193,40125,2016,53505
2194,40127,2016,8605
2195,40129,2016,2740
2196,40131,2016,66820
2197,40133,2016,18745
2198,40135,2016,31055
2199,40137,2016,33330
2200,40139,2016,11560
2201,40141,2016,5465
2202,40143,2016,435915
2203,40145,2016,55585
2204,40147,2016,38475
2205,40149,2016,8400
2206,40151,2016,7135
2207,40153,2016,15080
2208,41001,2016,12715
2209,41003,2016,67480
2210,41005,2016,293610
2211,41007,2016,29005
2212,41009,2016,37880
2213,41011,2016,50005
2214,41013,2016,16920
2215,41015,2016,18625
2216,41017,2016,130245
2217,41019,2016,85100
2218,41021,2016,1430
2219,41023,2016,5830
2220,41025,2016,5605
2221,41027,2016,14540
2222,41029,2016,159780
2223,41031,2016,15955
2224,41033,2016,66095
2225,41035,2016,49870
2226,41037,2016,6195
2227,41039,2016,279410
2228,41041,2016,37055
2229,41043,2016,89150
2230,41045,2016,20445
2231,41047,2016,216750
2232,41049,2016,6565
2233,41051,2016,570795
2234,41053,2016,56645
2235,41055,2016,1400
2236,41057,2016,19745
2237,41059,2016,51260
2238,41061,2016,19515
2239,41063,2016,5555
2240,41065,2016,18470
2241,41067,2016,377435
2242,41069,2016,1200
2243,41071,2016,73045
2244,42001,2016,78370
2245,42003,2016,961595
2246,42005,2016,54155
2247,42007,2016,134970
2248,42009,2016,38650
2249,42011,2016,306015
2250,42013,2016,99495
2251,42015,2016,47850
2252,42017,2016,474050
2253,42019,2016,145675
2254,42021,2016,110410
2255,42023,2016,3935
2256,42025,2016,51115
2257,42027,2016,126495
2258,42029,2016,367555
2259,42031,2016,31395
2260,42033,2016,64075
2261,42035,2016,31165
2262,42037,2016,54050
2263,42039,2016,67805
2264,42041,2016,187840
2265,42043,2016,202405
2266,42045,2016,414375
2267,42047,2016,24880
2268,42049,2016,212470
2269,42051,2016,107355
2270,42053,2016,7125
2271,42055,2016,115150
2272,42057,2016,11480
2273,42059,2016,30345
2274,42061,2016,36870
2275,42063,2016,70725
2276,42065,2016,35050
2277,42067,2016,18940
2278,42069,2016,164940
2279,42071,2016,394585
2280,42073,2016,70165
2281,42075,2016,103190
2282,42077,2016,262635
2283,42079,2016,247480
2284,42081,2016,91640
2285,42083,2016,33720
2286,42085,2016,90690
2287,42087,2016,35860
2288,42089,2016,126260
2289,42091,2016,603170
2290,42093,2016,14330
2291,42095,2016,230620
2292,42097,2016,74685
2293,42099,2016,35270
2294,42101,2016,1120330
2295,42103,2016,43450
2296,42105,2016,13495
2297,42107,2016,115570
2298,42109,2016,31225
2299,42111,2016,61840
2300,42113,2016,5445
2301,42115,2016,33335
2302,42117,2016,33390
2303,42119,2016,36095
2304,42121,2016,42435
2305,42123,2016,32415
2306,42125,2016,165075
2307,42127,2016,41830
2308,42129,2016,289880
2309,42131,2016,22165
2310,42133,2016,334780
2311,44001,2016,38260
2312,44003,2016,130165
2313,44005,2016,64980
2314,44007,2016,445095
2315,44009,2016,101750
2316,45001,2016,19505
2317,45003,2016,124145
2318,45005,2016,7610
2319,45007,2016,145055
2320,45009,2016,11855
2321,45011,2016,16320
2322,45013,2016,131055
2323,45015,2016,145580
2324,45017,2016,11640
2325,45019,2016,293755
2326,45021,2016,42310
2327,45023,2016,24850
2328,45025,2016,34500
2329,45027,2016,26695
2330,45029,2016,28690
2331,45031,2016,51285
2332,45033,2016,22775
2333,45035,2016,107585
2334,45037,2016,20430
2335,45039,2016,18075
2336,45041,2016,103355
2337,45043,2016,47975
2338,45045,2016,347080
2339,45047,2016,51810
2340,45049,2016,15525
2341,45051,2016,231840
2342,45053,2016,19485
2343,45055,2016,47705
2344,45057,2016,63600
2345,45059,2016,50290
2346,45061,2016,14245
2347,45063,2016,204135
2348,45065,2016,8530
2349,45067,2016,23915
2350,45069,2016,21490
2351,45071,2016,28055
2352,45073,2016,58730
2353,45075,2016,68330
2354,45077,2016,93845
2355,45079,2016,302815
2356,45081,2016,14055
2357,45083,2016,214820
2358,45085,2016,79140
2359,45087,2016,21785
2360,45089,2016,25370
2361,45091,2016,179195
2362,46003,2016,1925
2363,46005,2016,12085
2364,46007,2016,2245
2365,46009,2016,5685
2366,46011,2016,25525
2367,46013,2016,28510
2368,46015,2016,3930
2369,46017,2016,1265
2370,46019,2016,7715
2371,46021,2016,1150
2372,46023,2016,6530
2373,46025,2016,2685
2374,46027,2016,11350
2375,46029,2016,20915
2376,46031,2016,2715
2377,46033,2016,6925
2378,46035,2016,15095
2379,46037,2016,4370
2380,46039,2016,3310
2381,46041,2016,3660
2382,46043,2016,2290
2383,46045,2016,3015
2384,46047,2016,5560
2385,46049,2016,1855
2386,46051,2016,5400
2387,46053,2016,3220
2388,46055,2016,1575
2389,46057,2016,4050
2390,46059,2016,2625
2391,46061,2016,2290
2392,46063,2016,965
2393,46065,2016,13205
2394,46067,2016,5505
2395,46069,2016,1115
2396,46071,2016,2175
2397,46073,2016,1515
2398,46075,2016,650
2399,46077,2016,3920
2400,46079,2016,9565
2401,46081,2016,19860
2402,46083,2016,36095
2403,46085,2016,2745
2404,46087,2016,4070
2405,46089,2016,1885
2406,46091,2016,3505
2407,46093,2016,20220
2408,46095,2016,1430
2409,46097,2016,1650
2410,46099,2016,130380
2411,46101,2016,4635
2412,46102,2016,8860
2413,46103,2016,80695
2414,46105,2016,2365
2415,46107,2016,1840
2416,46109,2016,7335
2417,46111,2016,1890
2418,46115,2016,4975
2419,46117,2016,2260
2420,46119,2016,1095
2421,46121,2016,5970
2422,46123,2016,4235
2423,46125,2016,6295
2424,46127,2016,11035
2425,46129,2016,4205
2426,46135,2016,17645
2427,46137,2016,1815
2428,47001,2016,58365
2429,47003,2016,31925
2430,47005,2016,12845
2431,47007,2016,11105
2432,47009,2016,97450
2433,47011,2016,76590
2434,47013,2016,31725
2435,47015,2016,10810
2436,47017,2016,22090
2437,47019,2016,45460
2438,47021,2016,29965
2439,47023,2016,13225
2440,47025,2016,25350
2441,47027,2016,6180
2442,47029,2016,27790
2443,47031,2016,39950
2444,47033,2016,10560
2445,47035,2016,46750
2446,47037,2016,475915
2447,47039,2016,9170
2448,47041,2016,14225
2449,47043,2016,38250
2450,47045,2016,28355
2451,47047,2016,30650
2452,47049,2016,13925
2453,47051,2016,32370
2454,47053,2016,37135
2455,47055,2016,22460
2456,47057,2016,17655
2457,47059,2016,54225
2458,47061,2016,10475
2459,47063,2016,45365
2460,47065,2016,267800
2461,47067,2016,5185
2462,47069,2016,20670
2463,47071,2016,20290
2464,47073,2016,44335
2465,47075,2016,13635
2466,47077,2016,21245
2467,47079,2016,25285
2468,47081,2016,18795
2469,47083,2016,6340
2470,47085,2016,14170
2471,47087,2016,9265
2472,47089,2016,41095
2473,47091,2016,14590
2474,47093,2016,341270
2475,47095,2016,6425
2476,47097,2016,20695
2477,47099,2016,31425
2478,47101,2016,9120
2479,47103,2016,25695
2480,47105,2016,38270
2481,47107,2016,40405
2482,47109,2016,20195
2483,47111,2016,16825
2484,47113,2016,74225
2485,47115,2016,22160
2486,47117,2016,23405
2487,47119,2016,63780
2488,47121,2016,9340
2489,47123,2016,34885
2490,47125,2016,134390
2491,47127,2016,5085
2492,47129,2016,17320
2493,47131,2016,23715
2494,47133,2016,16990
2495,47135,2016,6090
2496,47137,2016,4140
2497,47139,2016,13145
2498,47141,2016,55635
2499,47143,2016,24540
2500,47145,2016,42120
2501,47147,2016,49160
2502,47149,2016,206215
2503,47151,2016,16595
2504,47153,2016,11300
2505,47155,2016,71410
2506,47157,2016,664270
2507,47159,2016,14480
2508,47161,2016,10260
2509,47163,2016,124405
2510,47165,2016,127585
2511,47167,2016,45225
2512,47169,2016,6085
2513,47171,2016,14140
2514,47173,2016,14690
2515,47175,2016,4495
2516,47177,2016,29145
2517,47179,2016,98755
2518,47181,2016,13685
2519,47183,2016,27100
2520,47185,2016,20430
2521,47187,2016,141990
2522,47189,2016,92880
2523,48001,2016,44200
2524,48003,2016,10410
2525,48005,2016,60325
2526,48007,2016,19580
2527,48009,2016,6605
2528,48011,2016,1460
2529,48013,2016,32690
2530,48015,2016,20175
2531,48017,2016,3875
2532,48019,2016,16995
2533,48021,2016,51745
2534,48023,2016,2840
2535,48025,2016,24785
2536,48027,2016,226310
2537,48029,2016,1235910
2538,48031,2016,8370
2539,48033,2016,485
2540,48035,2016,13265
2541,48037,2016,68995
2542,48039,2016,226480
2543,48041,2016,147180
2544,48043,2016,7045
2545,48045,2016,1145
2546,48047,2016,4985
2547,48049,2016,27820
2548,48051,2016,12590
2549,48053,2016,33675
2550,48055,2016,27810
2551,48057,2016,15040
2552,48059,2016,10230
2553,48061,2016,222775
2554,48063,2016,8600
2555,48065,2016,4395
2556,48067,2016,23270
2557,48069,2016,4450
2558,48071,2016,24500
2559,48073,2016,35025
2560,48075,2016,5455
2561,48077,2016,7950
2562,48079,2016,1890
2563,48081,2016,2530
2564,48083,2016,6525
2565,48085,2016,566535
2566,48087,2016,1900
2567,48089,2016,14990
2568,48091,2016,91435
2569,48093,2016,9875
2570,48095,2016,2255
2571,48097,2016,27075
2572,48099,2016,54680
2573,48101,2016,1140
2574,48103,2016,2830
2575,48105,2016,2655
2576,48107,2016,4200
2577,48109,2016,1575
2578,48111,2016,4185
2579,48113,2016,1451385
2580,48115,2016,9415
2581,48117,2016,10550
2582,48119,2016,4015
2583,48121,2016,500990
2584,48123,2016,15560
2585,48125,2016,1680
2586,48127,2016,7290
2587,48129,2016,2760
2588,48131,2016,8475
2589,48133,2016,13940
2590,48135,2016,94895
2591,48137,2016,1640
2592,48139,2016,108030
2593,48141,2016,483505
2594,48143,2016,30175
2595,48145,2016,12975
2596,48147,2016,25240
2597,48149,2016,18540
2598,48151,2016,2980
2599,48153,2016,4120
2600,48155,2016,1025
2601,48157,2016,418395
2602,48159,2016,7460
2603,48161,2016,14225
2604,48163,2016,12320
2605,48165,2016,10330
2606,48167,2016,220485
2607,48169,2016,3135
2608,48171,2016,19390
2609,48173,2016,755
2610,48175,2016,5745
2611,48177,2016,12730
2612,48179,2016,15755
2613,48181,2016,90015
2614,48183,2016,84045
2615,48185,2016,19405
2616,48187,2016,103205
2617,48189,2016,23055
2618,48191,2016,2205
2619,48193,2016,6390
2620,48195,2016,3110
2621,48197,2016,2750
2622,48199,2016,41085
2623,48201,2016,2543400
2624,48203,2016,46930
2625,48205,2016,4310
2626,48207,2016,3960
2627,48209,2016,132915
2628,48211,2016,2430
2629,48213,2016,58485
2630,48215,2016,394035
2631,48217,2016,24915
2632,48219,2016,16045
2633,48221,2016,41955
2634,48223,2016,24940
2635,48225,2016,17885
2636,48227,2016,25730
2637,48229,2016,1635
2638,48231,2016,64090
2639,48233,2016,15505
2640,48235,2016,1205
2641,48237,2016,6535
2642,48239,2016,10030
2643,48241,2016,26330
2644,48243,2016,1525
2645,48245,2016,174815
2646,48247,2016,3545
2647,48249,2016,28300
2648,48251,2016,110050
2649,48253,2016,16205
2650,48255,2016,11355
2651,48257,2016,75070
2652,48259,2016,28445
2653,48261,2016,315
2654,48263,2016,525
2655,48265,2016,38635
2656,48267,2016,3550
2657,48269,2016,190
2658,48271,2016,2390
2659,48273,2016,22715
2660,48275,2016,2635
2661,48277,2016,36705
2662,48279,2016,8990
2663,48281,2016,14845
2664,48283,2016,4945
2665,48285,2016,14200
2666,48287,2016,12065
2667,48289,2016,12330
2668,48291,2016,54480
2669,48293,2016,16335
2670,48295,2016,2220
2671,48297,2016,8770
2672,48299,2016,16235
2673,48301,2016,60
2674,48303,2016,214480
2675,48305,2016,3980
2676,48307,2016,6045
2677,48309,2016,169985
2678,48311,2016,460
2679,48313,2016,10930
2680,48315,2016,8290
2681,48317,2016,3535
2682,48319,2016,3035
2683,48321,2016,24845
2684,48323,2016,26900
2685,48325,2016,35205
2686,48327,2016,1595
2687,48329,2016,101810
2688,48331,2016,17460
2689,48333,2016,3435
2690,48335,2016,6760
2691,48337,2016,14195
2692,48339,2016,340225
2693,48341,2016,11160
2694,48343,2016,9450
2695,48345,2016,815
2696,48347,2016,46115
2697,48349,2016,31620
2698,48351,2016,11015
2699,48353,2016,10950
2700,48355,2016,250080
2701,48357,2016,5620
2702,48359,2016,1350
2703,48361,2016,61890
2704,48363,2016,20290
2705,48365,2016,17295
2706,48367,2016,90120
2707,48369,2016,5690
2708,48371,2016,10515
2709,48373,2016,34770
2710,48375,2016,76505
2711,48377,2016,3445
2712,48379,2016,8545
2713,48381,2016,93935
2714,48383,2016,2175
2715,48385,2016,2580
2716,48387,2016,9810
2717,48389,2016,8170
2718,48391,2016,5465
2719,48393,2016,655
2720,48395,2016,11765
2721,48397,2016,59680
2722,48399,2016,7715
2723,48401,2016,38330
2724,48403,2016,8185
2725,48405,2016,6670
2726,48407,2016,20140
2727,48409,2016,46100
2728,48411,2016,4240
2729,48413,2016,1995
2730,48415,2016,12350
2731,48417,2016,2490
2732,48419,2016,16815
2733,48421,2016,1975
2734,48423,2016,153630
2735,48425,2016,6325
2736,48427,2016,28650
2737,48429,2016,7140
2738,48431,2016,785
2739,48433,2016,890
2740,48435,2016,2585
2741,48437,2016,5405
2742,48439,2016,1243350
2743,48441,2016,98230
2744,48443,2016,610
2745,48445,2016,8440
2746,48447,2016,1230
2747,48449,2016,18710
2748,48451,2016,85430
2749,48453,2016,760985
2750,48455,2016,11125
2751,48457,2016,16855
2752,48459,2016,29600
2753,48461,2016,2115
2754,48463,2016,17330
2755,48465,2016,28690
2756,48467,2016,39300
2757,48469,2016,63785
2758,48471,2016,55555
2759,48473,2016,31285
2760,48475,2016,7735
2761,48477,2016,25380
2762,48479,2016,128840
2763,48481,2016,27890
2764,48483,2016,3785
2765,48485,2016,97430
2766,48487,2016,9650
2767,48489,2016,13825
2768,48491,2016,329555
2769,48493,2016,33815
2770,48495,2016,4700
2771,48497,2016,43405
2772,48499,2016,33815
2773,48501,2016,4290
2774,48503,2016,13190
2775,48505,2016,6185
2776,48507,2016,7845
2777,49001,2016,4155
2778,49003,2016,34040
2779,49005,2016,77065
2780,49007,2016,14835
2781,49009,2016,590
2782,49011,2016,212545
2783,49013,2016,12835
2784,49015,2016,7100
2785,49017,2016,3610
2786,49019,2016,7090
2787,49021,2016,32560
2788,49023,2016,6675
2789,49025,2016,5495
2790,49027,2016,7915
2791,49029,2016,6735
2792,49031,2016,1405
2793,49033,2016,1500
2794,49035,2016,704435
2795,49037,2016,10275
2796,49039,2016,19985
2797,49041,2016,14290
2798,49043,2016,26515
2799,49045,2016,39180
2800,49047,2016,23525
2801,49049,2016,345235
2802,49051,2016,17080
2803,49053,2016,104620
2804,49055,2016,1910
2805,49057,2016,160300
2806,50001,2016,29475
2807,50003,2016,29010
2808,50005,2016,24280
2809,50007,2016,125095
2810,50009,2016,4950
2811,50011,2016,36880
2812,50013,2016,5585
2813,50015,2016,19255
2814,50017,2016,23145
2815,50019,2016,21250
2816,50021,2016,48560
2817,50023,2016,46580
2818,50025,2016,34945
2819,50027,2016,44525
2820,51001,2016,24490
2821,51003,2016,77380
2822,51005,2016,12705
2823,51007,2016,10060
2824,51009,2016,25285
2825,51011,2016,11885
2826,51013,2016,160430
2827,51015,2016,58780
2828,51017,2016,3585
2829,51019,2016,60165
2830,51021,2016,5525
2831,51023,2016,26145
2832,51025,2016,13430
2833,51027,2016,18885
2834,51029,2016,13580
2835,51031,2016,42760
2836,51033,2016,22545
2837,51035,2016,23690
2838,51036,2016,5895
2839,51037,2016,9540
2840,51041,2016,238215
2841,51043,2016,10960
2842,51045,2016,4115
2843,51047,2016,34495
2844,51049,2016,7720
2845,51051,2016,12115
2846,51053,2016,21820
2847,51057,2016,8800
2848,51059,2016,715975
2849,51061,2016,49555
2850,51063,2016,12255
2851,51065,2016,20200
2852,51067,2016,44455
2853,51069,2016,60245
2854,51071,2016,13265
2855,51073,2016,29150
2856,51075,2016,17525
2857,51077,2016,12295
2858,51079,2016,13935
2859,51081,2016,9560
2860,51083,2016,27635
2861,51085,2016,77430
2862,51087,2016,228790
2863,51089,2016,40845
2864,51091,2016,1920
2865,51093,2016,28080
2866,51095,2016,55350
2867,51097,2016,5645
2868,51099,2016,18475
2869,51101,2016,12240
2870,51103,2016,9260
2871,51105,2016,19965
2872,51107,2016,222350
2873,51109,2016,26750
2874,51111,2016,9860
2875,51113,2016,10215
2876,51115,2016,7360
2877,51117,2016,24980
2878,51119,2016,9030
2879,51121,2016,76220
2880,51125,2016,11655
2881,51127,2016,15620
2882,51131,2016,9350
2883,51133,2016,10230
2884,51135,2016,12155
2885,51137,2016,26460
2886,51139,2016,18765
2887,51141,2016,14675
2888,51143,2016,49220
2889,51145,2016,22510
2890,51147,2016,18870
2891,51149,2016,28740
2892,51153,2016,274535
2893,51155,2016,27780
2894,51157,2016,5845
2895,51159,2016,7090
2896,51161,2016,72205
2897,51163,2016,18295
2898,51165,2016,58295
2899,51167,2016,22225
2900,51169,2016,18070
2901,51171,2016,32575
2902,51173,2016,24960
2903,51175,2016,14630
2904,51177,2016,92210
2905,51179,2016,97710
2906,51181,2016,5450
2907,51183,2016,10535
2908,51185,2016,34700
2909,51187,2016,29530
2910,51191,2016,43830
2911,51193,2016,13750
2912,51195,2016,31770
2913,51197,2016,23195
2914,51199,2016,48535
2915,51510,2016,100825
2916,51520,2016,13500
2917,51530,2016,5200
2918,51540,2016,34855
2919,51550,2016,172030
2920,51570,2016,13255
2921,51580,2016,4465
2922,51590,2016,32385
2923,51595,2016,4015
2924,51600,2016,15750
2925,51610,2016,9595
2926,51620,2016,6270
2927,51630,2016,20995
2928,51640,2016,4825
2929,51650,2016,104855
2930,51660,2016,38750
2931,51670,2016,15990
2932,51678,2016,6335
2933,51680,2016,60840
2934,51683,2016,23390
2935,51685,2016,8460
2936,51690,2016,10265
2937,51700,2016,133205
2938,51710,2016,188110
2939,51720,2016,3090
2940,51730,2016,24815
2941,51735,2016,9250
2942,51740,2016,72180
2943,51750,2016,15020
2944,51760,2016,168395
2945,51770,2016,72730
2946,51775,2016,19975
2947,51790,2016,19360
2948,51800,2016,64145
2949,51810,2016,332915
2950,51820,2016,15765
2951,51830,2016,12395
2952,51840,2016,18915
2953,53001,2016,8945
2954,53003,2016,17385
2955,53005,2016,127130
2956,53007,2016,51850
2957,53009,2016,58510
2958,53011,2016,317385
2959,53013,2016,3120
2960,53015,2016,76780
2961,53017,2016,25485
2962,53019,2016,6130
2963,53021,2016,44920
2964,53023,2016,1670
2965,53025,2016,51245
2966,53027,2016,54210
2967,53029,2016,63030
2968,53031,2016,25580
2969,53033,2016,1436280
2970,53035,2016,198030
2971,53037,2016,33820
2972,53039,2016,15715
2973,53041,2016,56900
2974,53043,2016,7990
2975,53045,2016,47005
2976,53047,2016,28865
2977,53049,2016,16470
2978,53051,2016,10220
2979,53053,2016,599795
2980,53055,2016,13310
2981,53057,2016,86200
2982,53059,2016,8615
2983,53061,2016,534200
2984,53063,2016,364860
2985,53065,2016,33545
2986,53067,2016,199825
2987,53069,2016,3350
2988,53071,2016,42760
2989,53073,2016,157660
2990,53075,2016,37145
2991,53077,2016,142095
2992,54001,2016,13410
2993,54003,2016,81955
2994,54005,2016,18370
2995,54007,2016,11535
2996,54009,2016,19120
2997,54011,2016,76665
2998,54013,2016,5980
2999,54015,2016,6950
3000,54017,2016,6735
3001,54019,2016,35625
3002,54021,2016,7095
3003,54023,2016,9460
3004,54025,2016,28350
3005,54027,2016,18580
3006,54029,2016,23835
3007,54031,2016,10890
3008,54033,2016,53845
3009,54035,2016,22750
3010,54037,2016,41765
3011,54039,2016,149765
3012,54041,2016,12935
3013,54043,2016,16640
3014,54045,2016,27820
3015,54047,2016,16200
3016,54049,2016,45035
3017,54051,2016,25715
3018,54053,2016,21260
3019,54055,2016,48545
3020,54057,2016,21840
3021,54059,2016,19755
3022,54061,2016,82710
3023,54063,2016,10755
3024,54065,2016,14015
3025,54067,2016,20520
3026,54069,2016,34610
3027,54071,2016,5965
3028,54073,2016,6145
3029,54075,2016,7070
3030,54077,2016,27010
3031,54079,2016,43510
3032,54081,2016,60985
3033,54083,2016,23555
3034,54085,2016,7975
3035,54087,2016,11320
3036,54089,2016,10995
3037,54091,2016,13450
3038,54093,2016,5690
3039,54095,2016,7205
3040,54097,2016,19450
3041,54099,2016,32220
3042,54101,2016,7030
3043,54103,2016,12650
3044,54105,2016,4580
3045,54107,2016,67640
3046,54109,2016,17730
3047,55001,2016,17015
3048,55003,2016,12265
3049,55005,2016,35205
3050,55007,2016,12210
3051,55009,2016,186115
3052,55011,2016,10335
3053,55013,2016,12385
3054,55015,2016,36505
3055,55017,2016,48555
3056,55019,2016,23690
3057,55021,2016,43475
3058,55023,2016,12975
3059,55025,2016,383690
3060,55027,2016,68800
3061,55029,2016,22740
3062,55031,2016,34415
3063,55033,2016,34970
3064,55035,2016,79570
3065,55037,2016,3755
3066,55039,2016,77325
3067,55041,2016,7200
3068,55043,2016,40780
3069,55045,2016,28010
3070,55047,2016,14160
3071,55049,2016,18040
3072,55051,2016,4955
3073,55053,2016,15835
3074,55055,2016,63745
3075,55057,2016,20805
3076,55059,2016,122575
3077,55061,2016,15720
3078,55063,2016,92480
3079,55065,2016,12390
3080,55067,2016,15435
3081,55069,2016,22525
3082,55071,2016,62230
3083,55073,2016,101680
3084,55075,2016,32895
3085,55077,2016,11950
3086,55078,2016,2945
3087,55079,2016,676445
3088,55081,2016,33300
3089,55083,2016,29440
3090,55085,2016,29275
3091,55087,2016,134525
3092,55089,2016,66785
3093,55091,2016,5675
3094,55093,2016,31870
3095,55095,2016,33645
3096,55097,2016,55610
3097,55099,2016,11265
3098,55101,2016,143185
3099,55103,2016,13520
3100,55105,2016,118245
3101,55107,2016,11105
3102,55109,2016,63580
3103,55111,2016,47845
3104,55113,2016,13055
3105,55115,2016,32040
3106,55117,2016,86115
3107,55119,2016,15445
3108,55121,2016,21595
3109,55123,2016,22450
3110,55125,2016,17630
3111,55127,2016,76630
3112,55129,2016,12625
3113,55131,2016,101285
3114,55133,2016,298750
3115,55135,2016,40340
3116,55137,2016,19255
3117,55139,2016,131605
3118,55141,2016,56800
3119,56001,2016,30070
3120,56003,2016,8695
3121,56005,2016,33755
3122,56007,2016,11335
3123,56009,2016,10550
3124,56011,2016,5525
3125,56013,2016,30170
3126,56015,2016,10600
3127,56017,2016,3800
3128,56019,2016,6590
3129,56021,2016,72410
3130,56023,2016,13220
3131,56025,2016,60415
3132,56027,2016,1995
3133,56029,2016,22710
3134,56031,2016,6830
3135,56033,2016,23280
3136,56035,2016,7470
3137,56037,2016,30565
3138,56039,2016,16335
3139,56041,2016,14355
3140,56043,2016,6135
3141,56045,2016,5565
3142,72001,2016,14430
3143,72003,2016,31350
3144,72005,2016,44275
3145,72007,2016,21085
3146,72009,2016,19050
3147,72011,2016,22255
3148,72013,2016,71810
3149,72015,2016,14245
3150,72017,2016,18990
3151,72019,2016,22145
3152,72021,2016,150175
3153,72023,2016,39490
3154,72025,2016,105585
3155,72027,2016,26170
3156,72029,2016,34925
3157,72031,2016,126145
3158,72033,2016,19705
3159,72035,2016,36020
3160,72037,2016,9695
3161,72039,2016,13670
3162,72041,2016,32230
3163,72043,2016,30720
3164,72045,2016,15520
3165,72047,2016,27185
3166,72049,2016,1120
3167,72051,2016,28410
3168,72053,2016,26080
3169,72054,2016,9355
3170,72055,2016,13845
3171,72057,2016,33140
3172,72059,2016,15340
3173,72061,2016,72685
3174,72063,2016,35690
3175,72065,2016,32405
3176,72067,2016,13285
3177,72069,2016,43560
3178,72071,2016,34440
3179,72073,2016,11780
3180,72075,2016,36750
3181,72077,2016,30345
3182,72079,2016,19305
3183,72081,2016,22100
3184,72083,2016,7060
3185,72085,2016,29605
3186,72087,2016,21055
3187,72089,2016,14730
3188,72091,2016,32075
3189,72093,2016,4960
3190,72095,2016,9030
3191,72097,2016,65795
3192,72099,2016,29220
3193,72101,2016,24305
3194,72103,2016,20025
3195,72105,2016,22735
3196,72107,2016,16850
3197,72109,2016,14250
3198,72111,2016,16610
3199,72113,2016,117660
3200,72115,2016,19260
3201,72117,2016,11725
3202,72119,2016,40680
3203,72121,2016,18675
3204,72123,2016,22450
3205,72125,2016,26475
3206,72127,2016,267310
3207,72129,2016,30665
3208,72131,2016,30905
3209,72133,2016,16920
3210,72135,2016,56155
3211,72137,2016,64075
3212,72139,2016,54015
3213,72141,2016,24050
3214,72143,2016,29570
3215,72145,2016,43335
3216,72147,2016,7075
3217,72149,2016,18270
3218,72151,2016,27785
3219,72153,2016,30220
